{"cameraMode":{"drawMode":0,"name":"Shaded","section":"Shading Mode"},"sceneLighting":true,"audioPlay":false,"sceneViewState":{"showFog":true,"showMaterialUpdate":false,"showSkybox":true,"showFlares":true,"showImageEffects":true,"showParticleSystems":true},"in2DMode":false,"pivot":{"x":-0.395336389541626,"y":-1.3441824913024903,"z":-8.843153953552246},"rotation":{"x":-0.005398043897002935,"y":0.9734379649162293,"z":-0.22772859036922456,"w":-0.023074518889188768},"size":10.0,"orthographic":false}