{"cameraMode":{"drawMode":0,"name":"Shaded","section":"Shading Mode"},"sceneLighting":false,"audioPlay":false,"sceneViewState":{"showFog":true,"showMaterialUpdate":false,"showSkybox":true,"showFlares":true,"showImageEffects":true,"showParticleSystems":true},"in2DMode":false,"pivot":{"x":-4.1301774978637699,"y":1.3856651782989503,"z":-1.0749030113220215},"rotation":{"x":-0.185758575797081,"y":0.6636821031570435,"z":-0.175350621342659,"w":-0.7030561566352844},"size":4.720859050750732,"orthographic":false}