{"cameraMode":{"drawMode":0,"name":"Shaded","section":"Shading Mode"},"sceneLighting":true,"audioPlay":false,"sceneViewState":{"showFog":true,"showMaterialUpdate":false,"showSkybox":true,"showFlares":true,"showImageEffects":true,"showParticleSystems":true},"in2DMode":false,"pivot":{"x":0.5194161534309387,"y":1.5617389678955079,"z":-6.178066730499268},"rotation":{"x":-0.3125019371509552,"y":0.42956337332725527,"z":-0.16141343116760255,"w":-0.8317756652832031},"size":6.485307216644287,"orthographic":true}