{"cameraMode":{"drawMode":0,"name":"Shaded","section":"Shading Mode"},"sceneLighting":true,"audioPlay":false,"sceneViewState":{"showFog":true,"showMaterialUpdate":false,"showSkybox":true,"showFlares":true,"showImageEffects":true,"showParticleSystems":true},"in2DMode":false,"pivot":{"x":-3.822906494140625,"y":-0.6442117691040039,"z":-1.9477653503417969},"rotation":{"x":0.25762513279914858,"y":-0.05562448129057884,"z":0.0148445600643754,"w":0.9645503163337708},"size":11.211695671081543,"orthographic":true}