{"cameraMode":{"drawMode":0,"name":"Shaded","section":"Shading Mode"},"sceneLighting":true,"audioPlay":false,"sceneViewState":{"showFog":true,"showMaterialUpdate":false,"showSkybox":true,"showFlares":true,"showImageEffects":true,"showParticleSystems":true},"in2DMode":false,"pivot":{"x":4.351808547973633,"y":4.216897964477539,"z":5.124321460723877},"rotation":{"x":-0.09673981368541718,"y":-0.8106967806816101,"z":0.14040108025074006,"w":-0.5603809952735901},"size":4.045300483703613,"orthographic":false}