{"cameraMode":{"drawMode":0,"name":"Shaded","section":"Shading Mode"},"sceneLighting":true,"audioPlay":false,"sceneViewState":{"showFog":true,"showMaterialUpdate":false,"showSkybox":true,"showFlares":true,"showImageEffects":true,"showParticleSystems":true},"in2DMode":false,"pivot":{"x":7.616423606872559,"y":-11.298067092895508,"z":43.135311126708987},"rotation":{"x":-0.14092519879341126,"y":-0.1376306265592575,"z":0.02007552608847618,"w":-0.9803543090820313},"size":49.343788146972659,"orthographic":false}