{"cameraMode":{"drawMode":0,"name":"Shaded","section":"Shading Mode"},"sceneLighting":true,"audioPlay":false,"sceneViewState":{"showFog":true,"showMaterialUpdate":false,"showSkybox":true,"showFlares":true,"showImageEffects":true,"showParticleSystems":true},"in2DMode":false,"pivot":{"x":-11.26809024810791,"y":12.079816818237305,"z":9.843621253967286},"rotation":{"x":0.16596636176109315,"y":-0.03375525027513504,"z":0.005492669530212879,"w":0.9856429696083069},"size":6.844839096069336,"orthographic":false}