{"cameraMode":{"drawMode":0,"name":"Shaded","section":"Shading Mode"},"sceneLighting":true,"audioPlay":false,"sceneViewState":{"showFog":true,"showMaterialUpdate":false,"showSkybox":true,"showFlares":true,"showImageEffects":true,"showParticleSystems":true},"in2DMode":false,"pivot":{"x":-0.1718904972076416,"y":0.6847151517868042,"z":-9.388357162475586},"rotation":{"x":-0.00902949646115303,"y":0.9703593850135803,"z":-0.03670629486441612,"w":-0.23869667947292329},"size":1.2856979370117188,"orthographic":false}