{"cameraMode":{"drawMode":0,"name":"Shaded","section":"Shading Mode"},"sceneLighting":false,"audioPlay":false,"sceneViewState":{"showFog":true,"showMaterialUpdate":false,"showSkybox":false,"showFlares":true,"showImageEffects":true,"showParticleSystems":true},"in2DMode":false,"pivot":{"x":1.4900000095367432,"y":0.0,"z":1.2999999523162842},"rotation":{"x":-0.016483252868056299,"y":0.9471153020858765,"z":-0.31681933999061587,"w":-0.049175504595041278},"size":2.8578836917877199,"orthographic":false}