{"cameraMode":{"drawMode":0,"name":"Shaded","section":"Shading Mode"},"sceneLighting":false,"audioPlay":false,"sceneViewState":{"showFog":true,"showMaterialUpdate":false,"showSkybox":false,"showFlares":true,"showImageEffects":true,"showParticleSystems":true},"in2DMode":false,"pivot":{"x":1.4900000095367432,"y":0.5,"z":1.2999999523162842},"rotation":{"x":-0.048598870635032657,"y":0.9116542935371399,"z":-0.11298903822898865,"w":-0.3921203911304474},"size":5.7157673835754398,"orthographic":false}