{"cameraMode":{"drawMode":0,"name":"Shaded","section":"Shading Mode"},"sceneLighting":false,"audioPlay":false,"sceneViewState":{"showFog":true,"showMaterialUpdate":false,"showSkybox":false,"showFlares":true,"showImageEffects":true,"showParticleSystems":true},"in2DMode":false,"pivot":{"x":0.8700000047683716,"y":0.33000001311302187,"z":2.680000066757202},"rotation":{"x":0.2324482649564743,"y":0.6251019239425659,"z":-0.2026713490486145,"w":0.7170589566230774},"size":0.9478529095649719,"orthographic":false}