{"cameraMode":{"drawMode":0,"name":"Shaded","section":"Shading Mode"},"sceneLighting":true,"audioPlay":false,"sceneViewState":{"showFog":true,"showMaterialUpdate":false,"showSkybox":true,"showFlares":true,"showImageEffects":true,"showParticleSystems":true},"in2DMode":false,"pivot":{"x":-1.683664083480835,"y":0.7800745964050293,"z":-8.520905494689942},"rotation":{"x":-0.23189252614974976,"y":0.5380223393440247,"z":-0.15696579217910767,"w":-0.7950958013534546},"size":4.321315765380859,"orthographic":true}