{"cameraMode":{"drawMode":0,"name":"Shaded","section":"Shading Mode"},"sceneLighting":false,"audioPlay":false,"sceneViewState":{"showFog":true,"showMaterialUpdate":false,"showSkybox":false,"showFlares":true,"showImageEffects":true,"showParticleSystems":true},"in2DMode":false,"pivot":{"x":2.3729543685913088,"y":0.32846054434776308,"z":2.3829689025878908},"rotation":{"x":-0.14517292380332948,"y":0.8313989043235779,"z":-0.256097674369812,"w":-0.47129058837890627},"size":0.5213725566864014,"orthographic":false}