{"cameraMode":{"drawMode":0,"name":"Shaded","section":"Shading Mode"},"sceneLighting":true,"audioPlay":false,"sceneViewState":{"showFog":true,"showMaterialUpdate":false,"showSkybox":true,"showFlares":true,"showImageEffects":true,"showParticleSystems":true},"in2DMode":false,"pivot":{"x":10.670928955078125,"y":-12.730209350585938,"z":29.154518127441408},"rotation":{"x":0.23489026725292207,"y":0.07863318920135498,"z":-0.01906742714345455,"w":0.9686556458473206},"size":34.00098419189453,"orthographic":false}
origin/Level-1-Designing
