{"cameraMode":{"drawMode":0,"name":"Shaded","section":"Shading Mode"},"sceneLighting":true,"audioPlay":false,"sceneViewState":{"showFog":true,"showMaterialUpdate":false,"showSkybox":true,"showFlares":true,"showImageEffects":true,"showParticleSystems":true},"in2DMode":false,"pivot":{"x":-3.952524185180664,"y":10.108894348144532,"z":-11.942304611206055},"rotation":{"x":-0.06293819844722748,"y":0.7135140299797058,"z":-0.06460115313529968,"w":-0.6949030756950378},"size":22.47395896911621,"orthographic":false}