{"cameraMode":{"drawMode":0,"name":"Shaded","section":"Shading Mode"},"sceneLighting":true,"audioPlay":false,"sceneViewState":{"showFog":true,"showMaterialUpdate":false,"showSkybox":true,"showFlares":true,"showImageEffects":true,"showParticleSystems":true},"in2DMode":false,"pivot":{"x":-4.230896949768066,"y":3.293426513671875,"z":-4.3085737228393559},"rotation":{"x":-0.031799204647541049,"y":0.8849990963935852,"z":-0.06153157725930214,"w":-0.46075689792633059},"size":3.707223653793335,"orthographic":false}