{"cameraMode":{"drawMode":0,"name":"Shaded","section":"Shading Mode"},"sceneLighting":true,"audioPlay":false,"sceneViewState":{"showFog":true,"showMaterialUpdate":false,"showSkybox":true,"showFlares":true,"showImageEffects":true,"showParticleSystems":true},"in2DMode":false,"pivot":{"x":2.7264790534973146,"y":8.285666465759278,"z":-24.76055908203125},"rotation":{"x":0.009230067022144795,"y":0.9902442693710327,"z":-0.11369199305772782,"w":0.08069799840450287},"size":27.189804077148439,"orthographic":false}