{"cameraMode":{"drawMode":0,"name":"Shaded","section":"Shading Mode"},"sceneLighting":true,"audioPlay":false,"sceneViewState":{"showFog":true,"showMaterialUpdate":false,"showSkybox":true,"showFlares":true,"showImageEffects":true,"showParticleSystems":true},"in2DMode":false,"pivot":{"x":-1.080533742904663,"y":4.021402359008789,"z":-2.0227174758911135},"rotation":{"x":0.009705525822937489,"y":-0.9658167958259583,"z":0.2567492723464966,"w":0.038399588316679},"size":7.623721599578857,"orthographic":false}