{"cameraMode":{"drawMode":0,"name":"Shaded","section":"Shading Mode"},"sceneLighting":true,"audioPlay":false,"sceneViewState":{"showFog":true,"showMaterialUpdate":false,"showSkybox":true,"showFlares":true,"showImageEffects":true,"showParticleSystems":true},"in2DMode":false,"pivot":{"x":-0.11628950387239456,"y":5.532557010650635,"z":0.7126462459564209},"rotation":{"x":0.1006808951497078,"y":-0.8473657369613648,"z":0.17448638379573823,"w":0.4916091561317444},"size":7.368484020233154,"orthographic":false}
