{"cameraMode":{"drawMode":0,"name":"Shaded","section":"Shading Mode"},"sceneLighting":true,"audioPlay":false,"sceneViewState":{"showFog":true,"showMaterialUpdate":false,"showSkybox":true,"showFlares":true,"showImageEffects":true,"showParticleSystems":true},"in2DMode":false,"pivot":{"x":-9.420418739318848,"y":-0.8471055030822754,"z":-3.953197956085205},"rotation":{"x":0.117457315325737,"y":-0.7931298613548279,"z":0.16182619333267213,"w":0.5753601789474487},"size":15.759943962097168,"orthographic":false}