{"cameraMode":{"drawMode":0,"name":"Shaded","section":"Shading Mode"},"sceneLighting":true,"audioPlay":false,"sceneViewState":{"showFog":true,"showMaterialUpdate":false,"showSkybox":true,"showFlares":true,"showImageEffects":true,"showParticleSystems":true},"in2DMode":false,"pivot":{"x":7.4150190353393559,"y":-3.2573599815368654,"z":-10.1267728805542},"rotation":{"x":0.008099989034235478,"y":-0.989590048789978,"z":0.13019469380378724,"w":0.06187094748020172},"size":14.287066459655762,"orthographic":false}