{"cameraMode":{"drawMode":0,"name":"Shaded","section":"Shading Mode"},"sceneLighting":true,"audioPlay":false,"sceneViewState":{"showFog":true,"showMaterialUpdate":false,"showSkybox":true,"showFlares":true,"showImageEffects":true,"showParticleSystems":true},"in2DMode":false,"pivot":{"x":4.906383991241455,"y":4.486842155456543,"z":7.8656134605407719},"rotation":{"x":0.2043658345937729,"y":0.6730929613113403,"z":-0.20182248950004579,"w":0.6815909743309021},"size":3.713595390319824,"orthographic":false}