{"cameraMode":{"drawMode":0,"name":"Shaded","section":"Shading Mode"},"sceneLighting":true,"audioPlay":false,"sceneViewState":{"showFog":true,"showMaterialUpdate":false,"showSkybox":true,"showFlares":true,"showImageEffects":true,"showParticleSystems":true},"in2DMode":false,"pivot":{"x":0.4297337532043457,"y":-0.7775887250900269,"z":-5.364076614379883},"rotation":{"x":0.0955536812543869,"y":-0.7394985556602478,"z":0.10748845338821411,"w":0.6577221751213074},"size":7.0809221267700199,"orthographic":false}