{"cameraMode":{"drawMode":0,"name":"Shaded","section":"Shading Mode"},"sceneLighting":true,"audioPlay":false,"sceneViewState":{"showFog":true,"showMaterialUpdate":false,"showSkybox":true,"showFlares":true,"showImageEffects":true,"showParticleSystems":true},"in2DMode":false,"pivot":{"x":1.393711805343628,"y":0.027036000043153764,"z":2.7423031330108644},"rotation":{"x":0.017995906993746759,"y":-0.019496062770485879,"z":0.00035120893153361976,"w":0.9996504187583923},"size":2.2143161296844484,"orthographic":false}