{"cameraMode":{"drawMode":0,"name":"Shaded","section":"Shading Mode"},"sceneLighting":true,"audioPlay":false,"sceneViewState":{"showFog":true,"showMaterialUpdate":false,"showSkybox":true,"showFlares":true,"showImageEffects":true,"showParticleSystems":true},"in2DMode":false,"pivot":{"x":0.15760159492492677,"y":-1.7033720016479493,"z":-1.7811203002929688},"rotation":{"x":-0.056860193610191348,"y":0.9339590072631836,"z":-0.3077530264854431,"w":-0.1725577861070633},"size":12.787178039550782,"orthographic":false}