{"cameraMode":{"drawMode":0,"name":"Shaded","section":"Shading Mode"},"sceneLighting":true,"audioPlay":false,"sceneViewState":{"showFog":true,"showMaterialUpdate":false,"showSkybox":true,"showFlares":true,"showImageEffects":true,"showParticleSystems":true},"in2DMode":false,"pivot":{"x":-34.353309631347659,"y":-1.862565517425537,"z":4.346004486083984},"rotation":{"x":0.09125958383083344,"y":-0.6104750037193298,"z":0.07088888436555863,"w":0.7836065888404846},"size":36.19894027709961,"orthographic":false}