{"cameraMode":{"drawMode":0,"name":"Shaded","section":"Shading Mode"},"sceneLighting":true,"audioPlay":false,"sceneViewState":{"showFog":true,"showMaterialUpdate":false,"showSkybox":true,"showFlares":true,"showImageEffects":true,"showParticleSystems":true},"in2DMode":false,"pivot":{"x":-2.9219136238098146,"y":-3.6668739318847658,"z":4.121895790100098},"rotation":{"x":-0.25504636764526369,"y":0.23133577406406403,"z":-0.06297874450683594,"w":-0.9367980360984802},"size":14.727181434631348,"orthographic":false}