{"cameraMode":{"drawMode":0,"name":"Shaded","section":"Shading Mode"},"sceneLighting":true,"audioPlay":false,"sceneViewState":{"showFog":true,"showMaterialUpdate":false,"showSkybox":true,"showFlares":true,"showImageEffects":true,"showParticleSystems":true},"in2DMode":false,"pivot":{"x":13.138738632202149,"y":6.012852668762207,"z":-1.2286334037780762},"rotation":{"x":0.12290849536657334,"y":-0.6561984419822693,"z":0.10942813009023667,"w":0.7364617586135864},"size":5.428177833557129,"orthographic":false}