{"cameraMode":{"drawMode":0,"name":"Shaded","section":"Shading Mode"},"sceneLighting":false,"audioPlay":false,"sceneViewState":{"showFog":true,"showMaterialUpdate":false,"showSkybox":true,"showFlares":true,"showImageEffects":true,"showParticleSystems":true},"in2DMode":false,"pivot":{"x":-5.0446882247924809,"y":-3.457697868347168,"z":-9.716111183166504},"rotation":{"x":-0.07778008282184601,"y":0.9221026301383972,"z":-0.25997984409332278,"w":-0.2758685350418091},"size":20.593252182006837,"orthographic":false}