{"cameraMode":{"drawMode":0,"name":"Shaded","section":"Shading Mode"},"sceneLighting":false,"audioPlay":false,"sceneViewState":{"showFog":true,"showMaterialUpdate":false,"showSkybox":true,"showFlares":true,"showImageEffects":true,"showParticleSystems":true},"in2DMode":false,"pivot":{"x":9.404808044433594,"y":-21.905385971069337,"z":59.99568176269531},"rotation":{"x":-0.24921752512454987,"y":-0.05719723924994469,"z":0.014705427922308445,"w":-0.966684103012085},"size":58.63134765625,"orthographic":false}