{"cameraMode":{"drawMode":0,"name":"Shaded","section":"Shading Mode"},"sceneLighting":false,"audioPlay":false,"sceneViewState":{"showFog":true,"showMaterialUpdate":false,"showSkybox":true,"showFlares":true,"showImageEffects":true,"showParticleSystems":true},"in2DMode":false,"pivot":{"x":-89.32709503173828,"y":-39.294036865234378,"z":95.51583862304688},"rotation":{"x":0.199087992310524,"y":-0.34856337308883669,"z":0.07619642466306687,"w":0.9127698540687561},"size":149.31031799316407,"orthographic":false}