{"cameraMode":{"drawMode":0,"name":"Shaded","section":"Shading Mode"},"sceneLighting":false,"audioPlay":false,"sceneViewState":{"showFog":true,"showMaterialUpdate":false,"showSkybox":true,"showFlares":true,"showImageEffects":true,"showParticleSystems":true},"in2DMode":false,"pivot":{"x":9.072104454040528,"y":1.512620449066162,"z":8.239311218261719},"rotation":{"x":-0.06937479227781296,"y":-0.33812496066093447,"z":0.025002801790833474,"w":-0.9382147192955017},"size":25.626708984375,"orthographic":false}