{"cameraMode":{"drawMode":0,"name":"Shaded","section":"Shading Mode"},"sceneLighting":true,"audioPlay":false,"sceneViewState":{"showFog":true,"showMaterialUpdate":false,"showSkybox":true,"showFlares":true,"showImageEffects":true,"showParticleSystems":true},"in2DMode":false,"pivot":{"x":0.7995812892913818,"y":0.9757415652275086,"z":-7.689030647277832},"rotation":{"x":-0.024355269968509675,"y":0.9756143689155579,"z":-0.15825462341308595,"w":-0.1501435935497284},"size":12.892024040222168,"orthographic":false}