{"cameraMode":{"drawMode":0,"name":"Shaded","section":"Shading Mode"},"sceneLighting":true,"audioPlay":false,"sceneViewState":{"showFog":true,"showMaterialUpdate":false,"showSkybox":true,"showFlares":true,"showImageEffects":true,"showParticleSystems":true},"in2DMode":false,"pivot":{"x":0.12717080116271974,"y":0.6259222030639648,"z":-9.277174949645996},"rotation":{"x":0.08174654096364975,"y":0.20831334590911866,"z":0.01747271791100502,"w":-0.9744858145713806},"size":0.28373605012893679,"orthographic":false}