{"cameraMode":{"drawMode":0,"name":"Shaded","section":"Shading Mode"},"sceneLighting":true,"audioPlay":false,"sceneViewState":{"showFog":true,"showMaterialUpdate":false,"showSkybox":true,"showFlares":true,"showImageEffects":true,"showParticleSystems":true},"in2DMode":false,"pivot":{"x":8.043468475341797,"y":-0.2119743824005127,"z":2.6737654209136965},"rotation":{"x":-0.11418740451335907,"y":-0.6015734076499939,"z":0.0874212235212326,"w":-0.7857686877250671},"size":13.4987211227417,"orthographic":false}