{"cameraMode":{"drawMode":0,"name":"Shaded","section":"Shading Mode"},"sceneLighting":true,"audioPlay":false,"sceneViewState":{"showFog":true,"showMaterialUpdate":false,"showSkybox":true,"showFlares":true,"showImageEffects":true,"showParticleSystems":true},"in2DMode":false,"pivot":{"x":31.063583374023439,"y":-16.78074073791504,"z":-40.53349304199219},"rotation":{"x":0.2891995906829834,"y":0.7106142640113831,"z":-0.4438512325286865,"w":0.46302613615989687},"size":40.84741973876953,"orthographic":false}