{"cameraMode":{"drawMode":0,"name":"Shaded","section":"Shading Mode"},"sceneLighting":true,"audioPlay":false,"sceneViewState":{"showFog":true,"showMaterialUpdate":false,"showSkybox":true,"showFlares":true,"showImageEffects":true,"showParticleSystems":true},"in2DMode":false,"pivot":{"x":516.024658203125,"y":271.88140869140627,"z":205.7637481689453},"rotation":{"x":0.06713100522756577,"y":-0.13545800745487214,"z":0.009196833707392216,"w":0.9884675741195679},"size":625.7120971679688,"orthographic":false}