{"cameraMode":{"drawMode":0,"name":"Shaded","section":"Shading Mode"},"sceneLighting":false,"audioPlay":false,"sceneViewState":{"showFog":true,"showMaterialUpdate":false,"showSkybox":false,"showFlares":true,"showImageEffects":true,"showParticleSystems":true},"in2DMode":false,"pivot":{"x":0.8883715867996216,"y":0.10000000149011612,"z":1.4848660230636597},"rotation":{"x":-0.14517292380332948,"y":0.8313989043235779,"z":-0.256097674369812,"w":-0.47129058837890627},"size":1.8791413307189942,"orthographic":false}